vesselId,mmsi,shipName,vesselType,imo,position_count,minimum_distance_km,closest_lat,closest_lon,closest_timestamp,latest_lat,latest_lon,latest_timestamp
1b6e1fa7e-ee30-56b7-aabb-88e321ae1f4f,419099300,AMBUJA MUKUND,CARGO,9543639,3,1.112,18.91,72.5,2026-08-30T14:00:00Z,18.82,72.56999969482422,2026-08-30T14:00:00Z
1739f3efe-e0a7-e8f2-0885-17ca95788e80,419001356,AMNS TUFMAX,CARGO,9486295,7,2.104,18.9,72.5199966430664,2026-08-30T16:00:00Z,18.83,72.66999816894531,2026-08-30T16:00:00Z
a2fb686f4-4304-09ae-5b1e-d16a6b67725e,419001837,SHAURYA,OTHER,9415351,4,2.46,18.88,72.51000213623047,2026-08-30T05:00:00Z,18.88,72.51000213623047,2026-08-30T05:00:00Z
2e9705d42-2d9d-26b4-1c19-fada3f3fcb6b,419714000,GREATSHIP AMRITA,SEISMIC_VESSEL,9408437,4,3.061,18.92,72.4800033569336,2026-08-30T15:00:00Z,18.79,72.55000305175781,2026-08-30T15:00:00Z
a7ca5eb2e-e0b4-0d63-fc03-37a271e021a0,538006083,DIMIJOHN A,CARGO,9702730,1,3.061,18.92,72.5199966430664,2026-08-30T07:00:00Z,18.92,72.5199966430664,2026-08-30T07:00:00Z
f17cf16eb-b9f0-c6aa-b43b-907bd973f7e8,574004700,HAI DUONG 11,OTHER,9369629,6,4.448,18.86,72.5,2026-08-30T00:00:00Z,18.96,72.4000015258789,2026-08-30T00:00:00Z
abcd7652c-c678-949d-8f7f-5a56a3eb09ea,538009278,AKTI,CARGO,9660619,2,4.571,18.86,72.48999786376953,2026-08-30T11:00:00Z,18.86,72.33999633789062,2026-08-30T11:00:00Z
ff8ef9c2a-a4e5-496b-a787-72ff42e1f7de,563205300,MAC TOKYO,OTHER,9343778,2,4.592,18.87,72.52999877929688,2026-08-30T09:00:00Z,18.87,72.52999877929688,2026-08-30T09:00:00Z
10669ebb7-72ff-9327-0918-7d2387b2b454,636023320,CENTURY ZHENGZHOU,CARGO,1015337,19,5.37,18.87,72.54000091552734,2026-08-30T00:00:00Z,19.07,72.55000305175781,2026-08-30T00:00:00Z
7fe7ce818-87d5-3f3d-664a-b7720e2c86c1,636018222,DELPHINUS C,CARGO,,1,5.37,18.93,72.54000091552734,2026-08-30T07:00:00Z,18.93,72.54000091552734,2026-08-30T07:00:00Z
56417b4fb-b9e6-3376-361f-4f64e0cfffce,352006614,NOVENA WW,CARGO,9584231,10,5.376,18.91,72.55000305175781,2026-08-30T14:00:00Z,19.07,72.55000305175781,2026-08-30T14:00:00Z
af29f241d-d88b-fb81-4d22-fd9ef4efbb07,511101469,ANJANEYA,OTHER,9578323,3,5.376,18.91,72.55000305175781,2026-08-30T17:00:00Z,18.81,72.62999725341797,2026-08-30T17:00:00Z
cca7c015f-f2ba-5d4f-5999-658a8d2a3eb1,352001712,YUAN HANG WEI YE,CARGO,9371799,2,5.377,18.89,72.55000305175781,2026-08-30T03:00:00Z,18.89,72.55000305175781,2026-08-30T03:00:00Z
7d2be64f6-6ebb-0e53-2ab7-0e6b999ccfda,419760000,SWARNA KRISHNA,OTHER,9414838,2,5.453,18.94,72.52999877929688,2026-08-30T00:00:00Z,18.85,72.58000183105469,2026-08-30T00:00:00Z
1efbe3821-1e82-060f-dadf-fd1d7ef19daf,419000211,P.R.NAYAK,OTHER,9576351,7,5.454,18.86,72.52999877929688,2026-08-30T14:00:00Z,18.89,72.43000030517578,2026-08-30T14:00:00Z
83434ca02-23e0-82b7-6bb0-d32f5b5408f9,219974000,JENS MAERSK,CARGO,9215177,2,6.123,18.86,72.45999908447266,2026-08-30T02:00:00Z,18.85,72.6500015258789,2026-08-30T02:00:00Z
927b6431a-abb6-6f8d-daf2-374d61e82870,538009130,GENCO MAYFLOWER,CARGO,9714680,2,6.393,18.95,72.52999877929688,2026-08-30T17:00:00Z,18.95,72.52999877929688,2026-08-30T17:00:00Z
87b40cd06-6e4f-8c0b-0737-97b22e98e320,352005870,JESSICA W,CARGO,1040825,2,6.692,18.88,72.55999755859375,2026-08-30T08:00:00Z,19.07,72.5,2026-08-30T08:00:00Z
29b55c2c2-2a09-e818-bff2-50d8775172b3,636018508,BRIGHT STAR,CARGO,9481960,24,6.995,18.96,72.5199966430664,2026-08-30T00:00:00Z,19.06,72.58000183105469,2026-08-30T00:00:00Z
706201359-9a85-2031-ff01-18539bb76a22,636016574,MSC SKY II,CARGO,9162277,2,7.14,18.87,72.55999755859375,2026-08-30T00:00:00Z,18.98,72.5199966430664,2026-08-30T00:00:00Z
729b7df0d-d6cf-ddef-65cf-aa4eda96bb40,419067900,AMBUJA LAKSHMI,CARGO,9241372,4,7.653,18.95,72.55000305175781,2026-08-30T10:00:00Z,18.84,72.68000030517578,2026-08-30T10:00:00Z
feed3e96a-aa77-9943-8c62-de8dde7614b2,311072400,RCC COMPASS,CARGO,9441611,3,7.854,18.83,72.51000213623047,2026-08-30T00:00:00Z,18.83,72.66000366210938,2026-08-30T00:00:00Z
0c788c104-4ddf-f5e9-a7b5-33710552636d,636093156,BREMEN EXPRESS,CARGO,9343728,2,8.063,18.83,72.5199966430664,2026-08-30T09:00:00Z,18.83,72.5199966430664,2026-08-30T09:00:00Z
ecd873c03-327a-fbb9-fb23-78fb473e8234,419000022,P515T,OTHER,,2,8.412,18.85,72.55999755859375,2026-08-30T03:00:00Z,18.85,72.55999755859375,2026-08-30T03:00:00Z
97dcbfdfb-b5a1-75bb-9443-1742f6d3bdc9,419476000,AMBUJA SHAKTI,CARGO,9129550,3,8.412,18.85,72.55999755859375,2026-08-30T02:00:00Z,18.85,72.55999755859375,2026-08-30T02:00:00Z
b9059c4ad-d427-56f4-1379-7db3c3c4581d,564024000,BOONYA NAREE,CARGO,9680956,4,8.497,18.84,72.55000305175781,2026-08-30T00:00:00Z,18.84,72.55000305175781,2026-08-30T00:00:00Z
a72bdcb2b-bf9f-2075-a2d1-d6c53abcb985,311000515,EMPRESS,PASSENGER,8716899,2,8.849,18.83,72.54000091552734,2026-08-30T22:00:00Z,18.84,72.36000061035156,2026-08-30T22:00:00Z
bceb38f8f-f880-f079-e73f-afaf40c59fad,477251400,SC EPIDOTE,OTHER,1066336,3,8.896,18.98,72.5,2026-08-30T04:00:00Z,18.98,72.5,2026-08-30T04:00:00Z
421f263d6-6844-5f74-1e4e-de9a4a0219b3,563071300,X-PRESS KABRU,CARGO,9793727,2,8.896,18.98,72.5,2026-08-30T12:00:00Z,18.84,72.55999755859375,2026-08-30T12:00:00Z
99bc2e27d-d28b-22d1-04c8-6a655d14029b,563295900,ONE RECOGNITION,OTHER,9952701,5,8.958,18.82,72.48999786376953,2026-08-30T00:00:00Z,18.82,72.48999786376953,2026-08-30T00:00:00Z
5b12cbae6-6f1c-1688-2078-996256fbfe90,636020542,MSC APOLLINE,CARGO,9896983,5,9.439,18.82,72.52999877929688,2026-08-30T02:00:00Z,18.81,72.44000244140625,2026-08-30T02:00:00Z
d118eacfc-ca46-7cbd-1262-2655262aac57,636023185,MSC PAXI II,CARGO,9256391,1,9.439,18.98,72.52999877929688,2026-08-30T08:00:00Z,18.98,72.52999877929688,2026-08-30T08:00:00Z
df6eafd93-3d2b-4a77-d5e3-0b7ac17cce99,419002153,CMA CGM SEMARANG,OTHER,9377133,2,9.52,18.86,72.58000183105469,2026-08-30T17:00:00Z,18.88,72.37000274658203,2026-08-30T17:00:00Z
622cd2112-2530-1c3a-16b4-e8ff4c390a62,405000199,ZUHAYR,CARGO,9317169,2,10.088,18.85,72.58000183105469,2026-08-30T13:00:00Z,18.85,72.58000183105469,2026-08-30T13:00:00Z
9db88ea6c-c449-c60d-2eed-a439a200a978,311000921,CMA CGM HYDRA,CARGO,9356309,3,10.461,18.86,72.41000366210938,2026-08-30T04:00:00Z,18.86,72.41000366210938,2026-08-30T04:00:00Z
ec354d7c3-340c-5f53-25ae-4b7913130687,419002016,PROSPER,OTHER,9352145,3,10.494,18.81,72.52999877929688,2026-08-30T02:00:00Z,18.79,72.5,2026-08-30T02:00:00Z
5e2a81a0c-c769-cbea-97a7-9793cc51b0d0,636022033,GAS AMMON,OTHER,9934474,3,10.741,18.84,72.41999816894531,2026-08-30T04:00:00Z,18.83,72.62999725341797,2026-08-30T04:00:00Z
0326fb10e-e4cd-a1f6-f307-be00dc99c31a,419900150,MATSYA VRUSHTI,FISHING,9298844,1,10.908,18.82,72.44000244140625,2026-08-30T23:00:00Z,18.82,72.44000244140625,2026-08-30T23:00:00Z
668764813-32a7-2e87-7049-848f9bc33410,419001995,OFFSHORE UNITY,SEISMIC_VESSEL,9443982,4,11.559,18.8,72.52999877929688,2026-08-30T14:00:00Z,18.8,72.5999984741211,2026-08-30T14:00:00Z
4e3b9080e-e6ae-ad49-992a-30287eaa413c,419099400,AMBUJA ROHINI,CARGO,9543627,2,11.831,18.99,72.55999755859375,2026-08-30T00:00:00Z,18.99,72.55999755859375,2026-08-30T00:00:00Z
5a9aaa839-965c-e86b-d6e4-b3a0e86ace70,414713000,XIN HANG ZHOU,CARGO,9523017,1,11.9,18.85,72.5999984741211,2026-08-30T17:00:00Z,18.85,72.5999984741211,2026-08-30T17:00:00Z
3db88b4c9-91cf-2d22-2f96-c5345a8ac575,636014968,MARIANETTA,CARGO,9236535,2,12.277,19.01,72.51000213623047,2026-08-30T08:00:00Z,19.01,72.51000213623047,2026-08-30T08:00:00Z
a9ce37f50-07a7-0efe-62f4-a749a4156a90,357939000,EVER URBAN,CARGO,9169160,1,12.426,18.81,72.56999969482422,2026-08-30T17:00:00Z,18.81,72.56999969482422,2026-08-30T17:00:00Z
222dcc590-0b40-ee94-af5d-566f4a11984d,352006289,HMM LIME,OTHER,9998511,1,12.459,18.84,72.5999984741211,2026-08-30T22:00:00Z,18.84,72.5999984741211,2026-08-30T22:00:00Z
24af58aea-a5d9-15de-96a9-1a136f072a75,419001685,GREEN BHAVISHYA,OTHER,9324746,24,12.632,18.79,72.52999877929688,2026-08-30T00:00:00Z,18.79,72.52999877929688,2026-08-30T00:00:00Z
49134bb44-4b3c-7594-be66-a75151aff072,419753000,SWARNA BRAHMAPUTRA,OTHER,9414814,7,13.779,18.82,72.5999984741211,2026-08-30T17:00:00Z,18.74,72.5999984741211,2026-08-30T17:00:00Z
93852879a-a5d1-b300-e3d8-fc852e96fe43,750999000,FLORA,CARGO,9349576,2,13.796,18.85,72.62000274658203,2026-08-30T17:00:00Z,18.87,72.36000061035156,2026-08-30T17:00:00Z
005bbf17e-eb97-2e87-69aa-76a9620e8adc,538006037,STI ROSE,OTHER,9696682,24,14.075,18.93,72.62999725341797,2026-08-30T00:00:00Z,18.93,72.63999938964844,2026-08-30T00:00:00Z
9800f7897-75fd-ef61-1939-e2b10c1c13d4,419001592,PAMBOOR 2,OTHER,,4,14.075,18.93,72.62999725341797,2026-08-30T07:00:00Z,18.92,72.63999938964844,2026-08-30T07:00:00Z
37b0e4933-33c8-aeb1-0276-e3cc30f8ca22,419000596,SVITZER ECHO,OTHER,9592513,2,14.522,18.81,72.5999984741211,2026-08-30T00:00:00Z,18.81,72.5999984741211,2026-08-30T00:00:00Z
464747524-4f6b-6f30-4c10-75bb8bb11613,563328200,INTERASIA AMBITION,OTHER,1096795,1,14.598,18.82,72.61000061035156,2026-08-30T04:00:00Z,18.82,72.61000061035156,2026-08-30T04:00:00Z
a5e22f478-8003-1227-297d-f7cf1802bad3,314248000,ORFA,NA,9663099,4,14.894,18.92,72.63999938964844,2026-08-30T20:00:00Z,18.92,72.63999938964844,2026-08-30T20:00:00Z
9b85b6d3a-a6e4-64ac-1818-cda7f1511d11,357787000,MYD TIANJIN,CARGO,9202168,17,16.051,18.8,72.61000061035156,2026-08-30T00:00:00Z,18.8,72.61000061035156,2026-08-30T00:00:00Z
cd38b43ff-f071-8a9a-1472-5364fa69b1fb,352001196,BRIGHT ELEGANCE,CARGO,9197076,8,16.051,18.8,72.61000061035156,2026-08-30T16:00:00Z,18.8,72.61000061035156,2026-08-30T16:00:00Z
690fc7da9-9875-b844-3327-13601dc4eaff,419001831,HARI PRIYA,OTHER,9281920,6,16.135,18.79,72.5999984741211,2026-08-30T18:00:00Z,18.79,72.62000274658203,2026-08-30T18:00:00Z
177120d37-79b9-b25d-fe12-8a1ae8c87a66,412043140,SHAN BANG,OTHER,1105584,9,16.135,18.79,72.5999984741211,2026-08-30T00:00:00Z,18.79,72.5999984741211,2026-08-30T00:00:00Z
d31fbe87c-cf13-721e-01c3-03c3dbe02526,419000781,CG 241,OTHER,,1,17.135,18.84,72.6500015258789,2026-08-30T07:00:00Z,18.84,72.6500015258789,2026-08-30T07:00:00Z
05f033376-6508-1dc0-f0e4-4bfbed717136,419001673,BW TYR,OTHER,9346122,24,17.488,19.05,72.55000305175781,2026-08-30T00:00:00Z,19.05,72.55000305175781,2026-08-30T00:00:00Z
d23dda9fe-ef80-9a02-ca4d-65788ce2dcf4,352002215,AN YANG,OTHER,8741026,16,17.581,18.79,72.62000274658203,2026-08-30T00:00:00Z,18.79,72.62000274658203,2026-08-30T00:00:00Z
a452d2e15-52c0-bb26-7bde-1e69abfd18cf,438031044,AL-MOTHANNA,CARGO,9649976,24,17.665,18.78,72.61000061035156,2026-08-30T00:00:00Z,18.78,72.61000061035156,2026-08-30T00:00:00Z
9e06e47fa-ac76-94ce-3b00-621e225fbece,311001828,BAMSI BEYREK,OTHER,9215919,9,17.791,18.74,72.5,2026-08-30T05:00:00Z,18.74,72.5,2026-08-30T05:00:00Z
40f0b2ad3-3f58-60ec-dba3-01a42d0f5569,438031045,AL-HADBAA,CARGO,9649988,24,18.222,18.76,72.58999633789062,2026-08-30T00:00:00Z,18.76,72.58999633789062,2026-08-30T00:00:00Z
b2deb1b37-780c-8d2e-fad0-cf712e0c89de,563283100,NAVIG8 GUARD,OTHER,9833670,2,18.548,18.83,72.66000366210938,2026-08-30T19:00:00Z,18.73,72.55999755859375,2026-08-30T19:00:00Z
53cb571a1-1110-df23-5b39-4a3f357517a9,419002009,GREEN SACHI,OTHER,9415698,24,19.164,19.07,72.52999877929688,2026-08-30T00:00:00Z,19.07,72.52999877929688,2026-08-30T00:00:00Z
754e833fc-c04a-16eb-951f-709bb075e230,255915779,ESL NINGBO,OTHER,9408841,17,19.195,18.77,72.62000274658203,2026-08-30T00:00:00Z,18.77,72.62999725341797,2026-08-30T00:00:00Z
3ae293ac9-9603-6a02-19d0-64730272bcd6,352004944,GUO FU MIN QIANG,OTHER,1097402,18,19.308,18.8,72.6500015258789,2026-08-30T00:00:00Z,18.8,72.6500015258789,2026-08-30T00:00:00Z
4e22381ec-c7b0-bb6a-e1e1-c06d1bb94c3a,419000648,GREATSHIP RACHNA,OTHER,9607332,4,19.366,18.73,72.45999908447266,2026-08-30T05:00:00Z,18.79,72.66999816894531,2026-08-30T05:00:00Z
4d9031480-08de-2652-bdd2-a297d6de7dbe,563124200,WAN HAI 326,CARGO,9871488,10,19.4,18.76,72.61000061035156,2026-08-30T14:00:00Z,18.75,72.61000061035156,2026-08-30T14:00:00Z
8bc9513fc-c172-1f21-cf0c-2c14acb5ca13,419001800,SAMARTH,OTHER,9415363,2,19.508,18.83,72.33000183105469,2026-08-30T11:00:00Z,18.77,72.31999969482422,2026-08-30T11:00:00Z
28982bbf3-3dae-b218-6ffd-bdc8d94a84fd,563046100,HODAKA GALAXY,OTHER,9791157,24,19.877,18.78,72.63999938964844,2026-08-30T00:00:00Z,18.78,72.63999938964844,2026-08-30T00:00:00Z
279d0510e-e538-2ad1-c7cf-fdff96c415a6,636025577,ADMAR,OTHER,9412062,24,20.046,18.76,72.62000274658203,2026-08-30T00:00:00Z,18.76,72.62000274658203,2026-08-30T00:00:00Z
9feb7f7e6-61fd-2b49-a380-513fc4e1d69d,636015337,HIGH TIDE,OTHER,9455820,24,20.922,18.75,72.62000274658203,2026-08-30T00:00:00Z,18.74,72.62000274658203,2026-08-30T00:00:00Z
879ed3d06-6b67-3b5e-62bb-2264f1b05eac,419001534,SHAKTI-  -,OTHER,,24,21.484,18.78,72.66000366210938,2026-08-30T00:00:00Z,18.78,72.66000366210938,2026-08-30T00:00:00Z
3ca51af5b-b194-f5fa-85cd-23c15cb1bb5c,419001415,GREATSHIP ADITI,OTHER,9457256,2,22.171,18.76,72.3499984741211,2026-08-30T14:00:00Z,18.73,72.30999755859375,2026-08-30T14:00:00Z
34a022ac8-82c7-7d73-a218-f1d07b85c752,69010,,GEAR,,2,24.52,18.76,72.31999969482422,2026-08-30T05:00:00Z,18.76,72.31999969482422,2026-08-30T05:00:00Z
